name,category,website,rating,location
A Light in the Attic,B2B E-Commerce & Retail,https://books.toscrape.com/catalogue/a-light-in-the-attic_1000/index.html,Three,Regno Unito
Tipping the Velvet,B2B E-Commerce & Retail,https://books.toscrape.com/catalogue/tipping-the-velvet_999/index.html,One,Regno Unito
Soumission,B2B E-Commerce & Retail,https://books.toscrape.com/catalogue/soumission_998/index.html,One,Regno Unito
Sharp Objects,B2B E-Commerce & Retail,https://books.toscrape.com/catalogue/sharp-objects_997/index.html,Four,Regno Unito
Sapiens: A Brief History of Humankind,B2B E-Commerce & Retail,https://books.toscrape.com/catalogue/sapiens-a-brief-history-of-humankind_996/index.html,Five,Regno Unito
The Requiem Red,B2B E-Commerce & Retail,https://books.toscrape.com/catalogue/the-requiem-red_995/index.html,One,Regno Unito
The Dirty Little Secrets of Getting Your Dream Job,B2B E-Commerce & Retail,https://books.toscrape.com/catalogue/the-dirty-little-secrets-of-getting-your-dream-job_994/index.html,Four,Regno Unito
"The Coming Woman: A Novel Based on the Life of the Infamous Feminist, Victoria Woodhull",B2B E-Commerce & Retail,https://books.toscrape.com/catalogue/the-coming-woman-a-novel-based-on-the-life-of-the-infamous-feminist-victoria-woodhull_993/index.html,Three,Regno Unito
The Boys in the Boat: Nine Americans and Their Epic Quest for Gold at the 1936 Berlin Olympics,B2B E-Commerce & Retail,https://books.toscrape.com/catalogue/the-boys-in-the-boat-nine-americans-and-their-epic-quest-for-gold-at-the-1936-berlin-olympics_992/index.html,Four,Regno Unito
The Black Maria,B2B E-Commerce & Retail,https://books.toscrape.com/catalogue/the-black-maria_991/index.html,One,Regno Unito
"Starving Hearts (Triangular Trade Trilogy, #1)",B2B E-Commerce & Retail,https://books.toscrape.com/catalogue/starving-hearts-triangular-trade-trilogy-1_990/index.html,Two,Regno Unito
Shakespeare's Sonnets,B2B E-Commerce & Retail,https://books.toscrape.com/catalogue/shakespeares-sonnets_989/index.html,Four,Regno Unito
Set Me Free,B2B E-Commerce & Retail,https://books.toscrape.com/catalogue/set-me-free_988/index.html,Five,Regno Unito
Scott Pilgrim's Precious Little Life (Scott Pilgrim #1),B2B E-Commerce & Retail,https://books.toscrape.com/catalogue/scott-pilgrims-precious-little-life-scott-pilgrim-1_987/index.html,Five,Regno Unito
Rip it Up and Start Again,B2B E-Commerce & Retail,https://books.toscrape.com/catalogue/rip-it-up-and-start-again_986/index.html,Five,Regno Unito
"Our Band Could Be Your Life: Scenes from the American Indie Underground, 1981-1991",B2B E-Commerce & Retail,https://books.toscrape.com/catalogue/our-band-could-be-your-life-scenes-from-the-american-indie-underground-1981-1991_985/index.html,Three,Regno Unito
Olio,B2B E-Commerce & Retail,https://books.toscrape.com/catalogue/olio_984/index.html,One,Regno Unito
Mesaerion: The Best Science Fiction Stories 1800-1849,B2B E-Commerce & Retail,https://books.toscrape.com/catalogue/mesaerion-the-best-science-fiction-stories-1800-1849_983/index.html,One,Regno Unito
Libertarianism for Beginners,B2B E-Commerce & Retail,https://books.toscrape.com/catalogue/libertarianism-for-beginners_982/index.html,Two,Regno Unito
It's Only the Himalayas,B2B E-Commerce & Retail,https://books.toscrape.com/catalogue/its-only-the-himalayas_981/index.html,Two,Regno Unito
In Her Wake,B2B E-Commerce & Retail,https://books.toscrape.com/catalogue/in-her-wake_980/index.html,One,Regno Unito
How Music Works,B2B E-Commerce & Retail,https://books.toscrape.com/catalogue/how-music-works_979/index.html,Two,Regno Unito
"Foolproof Preserving: A Guide to Small Batch Jams, Jellies, Pickles, Condiments, and More: A Foolproof Guide to Making Small Batch Jams, Jellies, Pickles, Condiments, and More",B2B E-Commerce & Retail,https://books.toscrape.com/catalogue/foolproof-preserving-a-guide-to-small-batch-jams-jellies-pickles-condiments-and-more-a-foolproof-guide-to-making-small-batch-jams-jellies-pickles-condiments-and-more_978/index.html,Three,Regno Unito
Chase Me (Paris Nights #2),B2B E-Commerce & Retail,https://books.toscrape.com/catalogue/chase-me-paris-nights-2_977/index.html,Five,Regno Unito
Black Dust,B2B E-Commerce & Retail,https://books.toscrape.com/catalogue/black-dust_976/index.html,Five,Regno Unito
Birdsong: A Story in Pictures,B2B E-Commerce & Retail,https://books.toscrape.com/catalogue/birdsong-a-story-in-pictures_975/index.html,Three,Regno Unito
America's Cradle of Quarterbacks: Western Pennsylvania's Football Factory from Johnny Unitas to Joe Montana,B2B E-Commerce & Retail,https://books.toscrape.com/catalogue/americas-cradle-of-quarterbacks-western-pennsylvanias-football-factory-from-johnny-unitas-to-joe-montana_974/index.html,Three,Regno Unito
Aladdin and His Wonderful Lamp,B2B E-Commerce & Retail,https://books.toscrape.com/catalogue/aladdin-and-his-wonderful-lamp_973/index.html,Three,Regno Unito
Worlds Elsewhere: Journeys Around Shakespeare’s Globe,B2B E-Commerce & Retail,https://books.toscrape.com/catalogue/worlds-elsewhere-journeys-around-shakespeares-globe_972/index.html,Five,Regno Unito
Wall and Piece,B2B E-Commerce & Retail,https://books.toscrape.com/catalogue/wall-and-piece_971/index.html,Four,Regno Unito
The Four Agreements: A Practical Guide to Personal Freedom,B2B E-Commerce & Retail,https://books.toscrape.com/catalogue/the-four-agreements-a-practical-guide-to-personal-freedom_970/index.html,Five,Regno Unito
The Five Love Languages: How to Express Heartfelt Commitment to Your Mate,B2B E-Commerce & Retail,https://books.toscrape.com/catalogue/the-five-love-languages-how-to-express-heartfelt-commitment-to-your-mate_969/index.html,Three,Regno Unito
The Elephant Tree,B2B E-Commerce & Retail,https://books.toscrape.com/catalogue/the-elephant-tree_968/index.html,Five,Regno Unito
The Bear and the Piano,B2B E-Commerce & Retail,https://books.toscrape.com/catalogue/the-bear-and-the-piano_967/index.html,One,Regno Unito
Sophie's World,B2B E-Commerce & Retail,https://books.toscrape.com/catalogue/sophies-world_966/index.html,Five,Regno Unito
Penny Maybe,B2B E-Commerce & Retail,https://books.toscrape.com/catalogue/penny-maybe_965/index.html,Three,Regno Unito
Maude (1883-1993):She Grew Up with the country,B2B E-Commerce & Retail,https://books.toscrape.com/catalogue/maude-1883-1993she-grew-up-with-the-country_964/index.html,Two,Regno Unito
"In a Dark, Dark Wood",B2B E-Commerce & Retail,https://books.toscrape.com/catalogue/in-a-dark-dark-wood_963/index.html,One,Regno Unito
Behind Closed Doors,B2B E-Commerce & Retail,https://books.toscrape.com/catalogue/behind-closed-doors_962/index.html,Four,Regno Unito
You can't bury them all: Poems,B2B E-Commerce & Retail,https://books.toscrape.com/catalogue/you-cant-bury-them-all-poems_961/index.html,Two,Regno Unito
Slow States of Collapse: Poems,B2B E-Commerce & Retail,https://books.toscrape.com/catalogue/slow-states-of-collapse-poems_960/index.html,Three,Regno Unito
Reasons to Stay Alive,B2B E-Commerce & Retail,https://books.toscrape.com/catalogue/reasons-to-stay-alive_959/index.html,Two,Regno Unito
Private Paris (Private #10),B2B E-Commerce & Retail,https://books.toscrape.com/catalogue/private-paris-private-10_958/index.html,Five,Regno Unito
#HigherSelfie: Wake Up Your Life. Free Your Soul. Find Your Tribe.,B2B E-Commerce & Retail,https://books.toscrape.com/catalogue/higherselfie-wake-up-your-life-free-your-soul-find-your-tribe_957/index.html,Five,Regno Unito
Without Borders (Wanderlove #1),B2B E-Commerce & Retail,https://books.toscrape.com/catalogue/without-borders-wanderlove-1_956/index.html,Two,Regno Unito
When We Collided,B2B E-Commerce & Retail,https://books.toscrape.com/catalogue/when-we-collided_955/index.html,One,Regno Unito
"We Love You, Charlie Freeman",B2B E-Commerce & Retail,https://books.toscrape.com/catalogue/we-love-you-charlie-freeman_954/index.html,Five,Regno Unito
Untitled Collection: Sabbath Poems 2014,B2B E-Commerce & Retail,https://books.toscrape.com/catalogue/untitled-collection-sabbath-poems-2014_953/index.html,Four,Regno Unito
"Unseen City: The Majesty of Pigeons, the Discreet Charm of Snails & Other Wonders of the Urban Wilderness",B2B E-Commerce & Retail,https://books.toscrape.com/catalogue/unseen-city-the-majesty-of-pigeons-the-discreet-charm-of-snails-other-wonders-of-the-urban-wilderness_952/index.html,Four,Regno Unito
Unicorn Tracks,B2B E-Commerce & Retail,https://books.toscrape.com/catalogue/unicorn-tracks_951/index.html,Three,Regno Unito
"Unbound: How Eight Technologies Made Us Human, Transformed Society, and Brought Our World to the Brink",B2B E-Commerce & Retail,https://books.toscrape.com/catalogue/unbound-how-eight-technologies-made-us-human-transformed-society-and-brought-our-world-to-the-brink_950/index.html,One,Regno Unito
Tsubasa: WoRLD CHRoNiCLE 2 (Tsubasa WoRLD CHRoNiCLE #2),B2B E-Commerce & Retail,https://books.toscrape.com/catalogue/tsubasa-world-chronicle-2-tsubasa-world-chronicle-2_949/index.html,One,Regno Unito
Throwing Rocks at the Google Bus: How Growth Became the Enemy of Prosperity,B2B E-Commerce & Retail,https://books.toscrape.com/catalogue/throwing-rocks-at-the-google-bus-how-growth-became-the-enemy-of-prosperity_948/index.html,Three,Regno Unito
This One Summer,B2B E-Commerce & Retail,https://books.toscrape.com/catalogue/this-one-summer_947/index.html,Four,Regno Unito
Thirst,B2B E-Commerce & Retail,https://books.toscrape.com/catalogue/thirst_946/index.html,Five,Regno Unito
The Torch Is Passed: A Harding Family Story,B2B E-Commerce & Retail,https://books.toscrape.com/catalogue/the-torch-is-passed-a-harding-family-story_945/index.html,One,Regno Unito
The Secret of Dreadwillow Carse,B2B E-Commerce & Retail,https://books.toscrape.com/catalogue/the-secret-of-dreadwillow-carse_944/index.html,One,Regno Unito
"The Pioneer Woman Cooks: Dinnertime: Comfort Classics, Freezer Food, 16-Minute Meals, and Other Delicious Ways to Solve Supper!",B2B E-Commerce & Retail,https://books.toscrape.com/catalogue/the-pioneer-woman-cooks-dinnertime-comfort-classics-freezer-food-16-minute-meals-and-other-delicious-ways-to-solve-supper_943/index.html,One,Regno Unito
The Past Never Ends,B2B E-Commerce & Retail,https://books.toscrape.com/catalogue/the-past-never-ends_942/index.html,Four,Regno Unito
The Natural History of Us (The Fine Art of Pretending #2),B2B E-Commerce & Retail,https://books.toscrape.com/catalogue/the-natural-history-of-us-the-fine-art-of-pretending-2_941/index.html,Three,Regno Unito
The Nameless City (The Nameless City #1),B2B E-Commerce & Retail,https://books.toscrape.com/catalogue/the-nameless-city-the-nameless-city-1_940/index.html,Four,Regno Unito
The Murder That Never Was (Forensic Instincts #5),B2B E-Commerce & Retail,https://books.toscrape.com/catalogue/the-murder-that-never-was-forensic-instincts-5_939/index.html,Three,Regno Unito
The Most Perfect Thing: Inside (and Outside) a Bird's Egg,B2B E-Commerce & Retail,https://books.toscrape.com/catalogue/the-most-perfect-thing-inside-and-outside-a-birds-egg_938/index.html,Four,Regno Unito
"The Mindfulness and Acceptance Workbook for Anxiety: A Guide to Breaking Free from Anxiety, Phobias, and Worry Using Acceptance and Commitment Therapy",B2B E-Commerce & Retail,https://books.toscrape.com/catalogue/the-mindfulness-and-acceptance-workbook-for-anxiety-a-guide-to-breaking-free-from-anxiety-phobias-and-worry-using-acceptance-and-commitment-therapy_937/index.html,Four,Regno Unito
The Life-Changing Magic of Tidying Up: The Japanese Art of Decluttering and Organizing,B2B E-Commerce & Retail,https://books.toscrape.com/catalogue/the-life-changing-magic-of-tidying-up-the-japanese-art-of-decluttering-and-organizing_936/index.html,Three,Regno Unito
"The Inefficiency Assassin: Time Management Tactics for Working Smarter, Not Longer",B2B E-Commerce & Retail,https://books.toscrape.com/catalogue/the-inefficiency-assassin-time-management-tactics-for-working-smarter-not-longer_935/index.html,Five,Regno Unito
The Gutsy Girl: Escapades for Your Life of Epic Adventure,B2B E-Commerce & Retail,https://books.toscrape.com/catalogue/the-gutsy-girl-escapades-for-your-life-of-epic-adventure_934/index.html,One,Regno Unito
The Electric Pencil: Drawings from Inside State Hospital No. 3,B2B E-Commerce & Retail,https://books.toscrape.com/catalogue/the-electric-pencil-drawings-from-inside-state-hospital-no-3_933/index.html,One,Regno Unito
The Death of Humanity: and the Case for Life,B2B E-Commerce & Retail,https://books.toscrape.com/catalogue/the-death-of-humanity-and-the-case-for-life_932/index.html,Four,Regno Unito
"The Bulletproof Diet: Lose up to a Pound a Day, Reclaim Energy and Focus, Upgrade Your Life",B2B E-Commerce & Retail,https://books.toscrape.com/catalogue/the-bulletproof-diet-lose-up-to-a-pound-a-day-reclaim-energy-and-focus-upgrade-your-life_931/index.html,Three,Regno Unito
The Art Forger,B2B E-Commerce & Retail,https://books.toscrape.com/catalogue/the-art-forger_930/index.html,Three,Regno Unito
The Age of Genius: The Seventeenth Century and the Birth of the Modern Mind,B2B E-Commerce & Retail,https://books.toscrape.com/catalogue/the-age-of-genius-the-seventeenth-century-and-the-birth-of-the-modern-mind_929/index.html,One,Regno Unito
The Activist's Tao Te Ching: Ancient Advice for a Modern Revolution,B2B E-Commerce & Retail,https://books.toscrape.com/catalogue/the-activists-tao-te-ching-ancient-advice-for-a-modern-revolution_928/index.html,Five,Regno Unito
Spark Joy: An Illustrated Master Class on the Art of Organizing and Tidying Up,B2B E-Commerce & Retail,https://books.toscrape.com/catalogue/spark-joy-an-illustrated-master-class-on-the-art-of-organizing-and-tidying-up_927/index.html,Four,Regno Unito
Soul Reader,B2B E-Commerce & Retail,https://books.toscrape.com/catalogue/soul-reader_926/index.html,Two,Regno Unito
Security,B2B E-Commerce & Retail,https://books.toscrape.com/catalogue/security_925/index.html,Two,Regno Unito
"Saga, Volume 6 (Saga (Collected Editions) #6)",B2B E-Commerce & Retail,https://books.toscrape.com/catalogue/saga-volume-6-saga-collected-editions-6_924/index.html,Three,Regno Unito
"Saga, Volume 5 (Saga (Collected Editions) #5)",B2B E-Commerce & Retail,https://books.toscrape.com/catalogue/saga-volume-5-saga-collected-editions-5_923/index.html,Two,Regno Unito
Reskilling America: Learning to Labor in the Twenty-First Century,B2B E-Commerce & Retail,https://books.toscrape.com/catalogue/reskilling-america-learning-to-labor-in-the-twenty-first-century_922/index.html,Two,Regno Unito
"Rat Queens, Vol. 3: Demons (Rat Queens (Collected Editions) #11-15)",B2B E-Commerce & Retail,https://books.toscrape.com/catalogue/rat-queens-vol-3-demons-rat-queens-collected-editions-11-15_921/index.html,Three,Regno Unito
"Princess Jellyfish 2-in-1 Omnibus, Vol. 01 (Princess Jellyfish 2-in-1 Omnibus #1)",B2B E-Commerce & Retail,https://books.toscrape.com/catalogue/princess-jellyfish-2-in-1-omnibus-vol-01-princess-jellyfish-2-in-1-omnibus-1_920/index.html,Five,Regno Unito
Princess Between Worlds (Wide-Awake Princess #5),B2B E-Commerce & Retail,https://books.toscrape.com/catalogue/princess-between-worlds-wide-awake-princess-5_919/index.html,Five,Regno Unito
"Pop Gun War, Volume 1: Gift",B2B E-Commerce & Retail,https://books.toscrape.com/catalogue/pop-gun-war-volume-1-gift_918/index.html,One,Regno Unito
"Political Suicide: Missteps, Peccadilloes, Bad Calls, Backroom Hijinx, Sordid Pasts, Rotten Breaks, and Just Plain Dumb Mistakes in the Annals of American Politics",B2B E-Commerce & Retail,https://books.toscrape.com/catalogue/political-suicide-missteps-peccadilloes-bad-calls-backroom-hijinx-sordid-pasts-rotten-breaks-and-just-plain-dumb-mistakes-in-the-annals-of-american-politics_917/index.html,Two,Regno Unito
Patience,B2B E-Commerce & Retail,https://books.toscrape.com/catalogue/patience_916/index.html,Three,Regno Unito
"Outcast, Vol. 1: A Darkness Surrounds Him (Outcast #1)",B2B E-Commerce & Retail,https://books.toscrape.com/catalogue/outcast-vol-1-a-darkness-surrounds-him-outcast-1_915/index.html,Four,Regno Unito
orange: The Complete Collection 1 (orange: The Complete Collection #1),B2B E-Commerce & Retail,https://books.toscrape.com/catalogue/orange-the-complete-collection-1-orange-the-complete-collection-1_914/index.html,One,Regno Unito
Online Marketing for Busy Authors: A Step-By-Step Guide,B2B E-Commerce & Retail,https://books.toscrape.com/catalogue/online-marketing-for-busy-authors-a-step-by-step-guide_913/index.html,One,Regno Unito
On a Midnight Clear,B2B E-Commerce & Retail,https://books.toscrape.com/catalogue/on-a-midnight-clear_912/index.html,Three,Regno Unito
Obsidian (Lux #1),B2B E-Commerce & Retail,https://books.toscrape.com/catalogue/obsidian-lux-1_911/index.html,Two,Regno Unito
My Paris Kitchen: Recipes and Stories,B2B E-Commerce & Retail,https://books.toscrape.com/catalogue/my-paris-kitchen-recipes-and-stories_910/index.html,Two,Regno Unito
Masks and Shadows,B2B E-Commerce & Retail,https://books.toscrape.com/catalogue/masks-and-shadows_909/index.html,Two,Regno Unito
"Mama Tried: Traditional Italian Cooking for the Screwed, Crude, Vegan, and Tattooed",B2B E-Commerce & Retail,https://books.toscrape.com/catalogue/mama-tried-traditional-italian-cooking-for-the-screwed-crude-vegan-and-tattooed_908/index.html,Four,Regno Unito
"Lumberjanes, Vol. 2: Friendship to the Max (Lumberjanes #5-8)",B2B E-Commerce & Retail,https://books.toscrape.com/catalogue/lumberjanes-vol-2-friendship-to-the-max-lumberjanes-5-8_907/index.html,Two,Regno Unito
"Lumberjanes, Vol. 1: Beware the Kitten Holy (Lumberjanes #1-4)",B2B E-Commerce & Retail,https://books.toscrape.com/catalogue/lumberjanes-vol-1-beware-the-kitten-holy-lumberjanes-1-4_906/index.html,Three,Regno Unito
Lumberjanes Vol. 3: A Terrible Plan (Lumberjanes #9-12),B2B E-Commerce & Retail,https://books.toscrape.com/catalogue/lumberjanes-vol-3-a-terrible-plan-lumberjanes-9-12_905/index.html,Two,Regno Unito
"Layered: Baking, Building, and Styling Spectacular Cakes",B2B E-Commerce & Retail,https://books.toscrape.com/catalogue/layered-baking-building-and-styling-spectacular-cakes_904/index.html,One,Regno Unito
Judo: Seven Steps to Black Belt (an Introductory Guide for Beginners),B2B E-Commerce & Retail,https://books.toscrape.com/catalogue/judo-seven-steps-to-black-belt-an-introductory-guide-for-beginners_903/index.html,Two,Regno Unito
Join,B2B E-Commerce & Retail,https://books.toscrape.com/catalogue/join_902/index.html,Five,Regno Unito
In the Country We Love: My Family Divided,B2B E-Commerce & Retail,https://books.toscrape.com/catalogue/in-the-country-we-love-my-family-divided_901/index.html,Four,Regno Unito
Immunity: How Elie Metchnikoff Changed the Course of Modern Medicine,B2B E-Commerce & Retail,https://books.toscrape.com/catalogue/immunity-how-elie-metchnikoff-changed-the-course-of-modern-medicine_900/index.html,Five,Regno Unito
"I Hate Fairyland, Vol. 1: Madly Ever After (I Hate Fairyland (Compilations) #1-5)",B2B E-Commerce & Retail,https://books.toscrape.com/catalogue/i-hate-fairyland-vol-1-madly-ever-after-i-hate-fairyland-compilations-1-5_899/index.html,Two,Regno Unito
I am a Hero Omnibus Volume 1,B2B E-Commerce & Retail,https://books.toscrape.com/catalogue/i-am-a-hero-omnibus-volume-1_898/index.html,Three,Regno Unito
How to Be Miserable: 40 Strategies You Already Use,B2B E-Commerce & Retail,https://books.toscrape.com/catalogue/how-to-be-miserable-40-strategies-you-already-use_897/index.html,One,Regno Unito
Her Backup Boyfriend (The Sorensen Family #1),B2B E-Commerce & Retail,https://books.toscrape.com/catalogue/her-backup-boyfriend-the-sorensen-family-1_896/index.html,One,Regno Unito
"Giant Days, Vol. 2 (Giant Days #5-8)",B2B E-Commerce & Retail,https://books.toscrape.com/catalogue/giant-days-vol-2-giant-days-5-8_895/index.html,Two,Regno Unito
Forever and Forever: The Courtship of Henry Longfellow and Fanny Appleton,B2B E-Commerce & Retail,https://books.toscrape.com/catalogue/forever-and-forever-the-courtship-of-henry-longfellow-and-fanny-appleton_894/index.html,Three,Regno Unito
First and First (Five Boroughs #3),B2B E-Commerce & Retail,https://books.toscrape.com/catalogue/first-and-first-five-boroughs-3_893/index.html,Four,Regno Unito
Fifty Shades Darker (Fifty Shades #2),B2B E-Commerce & Retail,https://books.toscrape.com/catalogue/fifty-shades-darker-fifty-shades-2_892/index.html,One,Regno Unito
Everydata: The Misinformation Hidden in the Little Data You Consume Every Day,B2B E-Commerce & Retail,https://books.toscrape.com/catalogue/everydata-the-misinformation-hidden-in-the-little-data-you-consume-every-day_891/index.html,Two,Regno Unito
"Don't Be a Jerk: And Other Practical Advice from Dogen, Japan's Greatest Zen Master",B2B E-Commerce & Retail,https://books.toscrape.com/catalogue/dont-be-a-jerk-and-other-practical-advice-from-dogen-japans-greatest-zen-master_890/index.html,Two,Regno Unito
Danganronpa Volume 1,B2B E-Commerce & Retail,https://books.toscrape.com/catalogue/danganronpa-volume-1_889/index.html,Four,Regno Unito
Crown of Midnight (Throne of Glass #2),B2B E-Commerce & Retail,https://books.toscrape.com/catalogue/crown-of-midnight-throne-of-glass-2_888/index.html,Three,Regno Unito
"Codename Baboushka, Volume 1: The Conclave of Death",B2B E-Commerce & Retail,https://books.toscrape.com/catalogue/codename-baboushka-volume-1-the-conclave-of-death_887/index.html,Four,Regno Unito
Camp Midnight,B2B E-Commerce & Retail,https://books.toscrape.com/catalogue/camp-midnight_886/index.html,Four,Regno Unito
Call the Nurse: True Stories of a Country Nurse on a Scottish Isle,B2B E-Commerce & Retail,https://books.toscrape.com/catalogue/call-the-nurse-true-stories-of-a-country-nurse-on-a-scottish-isle_885/index.html,Five,Regno Unito
Burning,B2B E-Commerce & Retail,https://books.toscrape.com/catalogue/burning_884/index.html,Three,Regno Unito
Bossypants,B2B E-Commerce & Retail,https://books.toscrape.com/catalogue/bossypants_883/index.html,Two,Regno Unito
"Bitch Planet, Vol. 1: Extraordinary Machine (Bitch Planet (Collected Editions))",B2B E-Commerce & Retail,https://books.toscrape.com/catalogue/bitch-planet-vol-1-extraordinary-machine-bitch-planet-collected-editions_882/index.html,Two,Regno Unito
"Avatar: The Last Airbender: Smoke and Shadow, Part 3 (Smoke and Shadow #3)",B2B E-Commerce & Retail,https://books.toscrape.com/catalogue/avatar-the-last-airbender-smoke-and-shadow-part-3-smoke-and-shadow-3_881/index.html,Two,Regno Unito
Algorithms to Live By: The Computer Science of Human Decisions,B2B E-Commerce & Retail,https://books.toscrape.com/catalogue/algorithms-to-live-by-the-computer-science-of-human-decisions_880/index.html,One,Regno Unito
A World of Flavor: Your Gluten Free Passport,B2B E-Commerce & Retail,https://books.toscrape.com/catalogue/a-world-of-flavor-your-gluten-free-passport_879/index.html,One,Regno Unito
"A Piece of Sky, a Grain of Rice: A Memoir in Four Meditations",B2B E-Commerce & Retail,https://books.toscrape.com/catalogue/a-piece-of-sky-a-grain-of-rice-a-memoir-in-four-meditations_878/index.html,Five,Regno Unito
A Murder in Time,B2B E-Commerce & Retail,https://books.toscrape.com/catalogue/a-murder-in-time_877/index.html,One,Regno Unito
A Flight of Arrows (The Pathfinders #2),B2B E-Commerce & Retail,https://books.toscrape.com/catalogue/a-flight-of-arrows-the-pathfinders-2_876/index.html,Five,Regno Unito
A Fierce and Subtle Poison,B2B E-Commerce & Retail,https://books.toscrape.com/catalogue/a-fierce-and-subtle-poison_875/index.html,Four,Regno Unito
A Court of Thorns and Roses (A Court of Thorns and Roses #1),B2B E-Commerce & Retail,https://books.toscrape.com/catalogue/a-court-of-thorns-and-roses-a-court-of-thorns-and-roses-1_874/index.html,One,Regno Unito
(Un)Qualified: How God Uses Broken People to Do Big Things,B2B E-Commerce & Retail,https://books.toscrape.com/catalogue/unqualified-how-god-uses-broken-people-to-do-big-things_873/index.html,Five,Regno Unito
You Are What You Love: The Spiritual Power of Habit,B2B E-Commerce & Retail,https://books.toscrape.com/catalogue/you-are-what-you-love-the-spiritual-power-of-habit_872/index.html,Four,Regno Unito
"William Shakespeare's Star Wars: Verily, A New Hope (William Shakespeare's Star Wars #4)",B2B E-Commerce & Retail,https://books.toscrape.com/catalogue/william-shakespeares-star-wars-verily-a-new-hope-william-shakespeares-star-wars-4_871/index.html,Four,Regno Unito
Tuesday Nights in 1980,B2B E-Commerce & Retail,https://books.toscrape.com/catalogue/tuesday-nights-in-1980_870/index.html,Two,Regno Unito
Tracing Numbers on a Train,B2B E-Commerce & Retail,https://books.toscrape.com/catalogue/tracing-numbers-on-a-train_869/index.html,Three,Regno Unito
Throne of Glass (Throne of Glass #1),B2B E-Commerce & Retail,https://books.toscrape.com/catalogue/throne-of-glass-throne-of-glass-1_868/index.html,Three,Regno Unito
Thomas Jefferson and the Tripoli Pirates: The Forgotten War That Changed American History,B2B E-Commerce & Retail,https://books.toscrape.com/catalogue/thomas-jefferson-and-the-tripoli-pirates-the-forgotten-war-that-changed-american-history_867/index.html,One,Regno Unito
Thirteen Reasons Why,B2B E-Commerce & Retail,https://books.toscrape.com/catalogue/thirteen-reasons-why_866/index.html,One,Regno Unito
The White Cat and the Monk: A Retelling of the Poem “Pangur Bán”,B2B E-Commerce & Retail,https://books.toscrape.com/catalogue/the-white-cat-and-the-monk-a-retelling-of-the-poem-pangur-ban_865/index.html,Four,Regno Unito
The Wedding Dress,B2B E-Commerce & Retail,https://books.toscrape.com/catalogue/the-wedding-dress_864/index.html,One,Regno Unito
The Vacationers,B2B E-Commerce & Retail,https://books.toscrape.com/catalogue/the-vacationers_863/index.html,Four,Regno Unito
The Third Wave: An Entrepreneur’s Vision of the Future,B2B E-Commerce & Retail,https://books.toscrape.com/catalogue/the-third-wave-an-entrepreneurs-vision-of-the-future_862/index.html,Five,Regno Unito
The Stranger,B2B E-Commerce & Retail,https://books.toscrape.com/catalogue/the-stranger_861/index.html,Four,Regno Unito
The Shadow Hero (The Shadow Hero),B2B E-Commerce & Retail,https://books.toscrape.com/catalogue/the-shadow-hero-the-shadow-hero_860/index.html,One,Regno Unito
The Secret (The Secret #1),B2B E-Commerce & Retail,https://books.toscrape.com/catalogue/the-secret-the-secret-1_859/index.html,Four,Regno Unito
The Regional Office Is Under Attack!,B2B E-Commerce & Retail,https://books.toscrape.com/catalogue/the-regional-office-is-under-attack_858/index.html,Five,Regno Unito
The Psychopath Test: A Journey Through the Madness Industry,B2B E-Commerce & Retail,https://books.toscrape.com/catalogue/the-psychopath-test-a-journey-through-the-madness-industry_857/index.html,Two,Regno Unito
The Project,B2B E-Commerce & Retail,https://books.toscrape.com/catalogue/the-project_856/index.html,One,Regno Unito
The Power of Now: A Guide to Spiritual Enlightenment,B2B E-Commerce & Retail,https://books.toscrape.com/catalogue/the-power-of-now-a-guide-to-spiritual-enlightenment_855/index.html,Two,Regno Unito
The Omnivore's Dilemma: A Natural History of Four Meals,B2B E-Commerce & Retail,https://books.toscrape.com/catalogue/the-omnivores-dilemma-a-natural-history-of-four-meals_854/index.html,Two,Regno Unito
The Nerdy Nummies Cookbook: Sweet Treats for the Geek in All of Us,B2B E-Commerce & Retail,https://books.toscrape.com/catalogue/the-nerdy-nummies-cookbook-sweet-treats-for-the-geek-in-all-of-us_853/index.html,Five,Regno Unito
The Murder of Roger Ackroyd (Hercule Poirot #4),B2B E-Commerce & Retail,https://books.toscrape.com/catalogue/the-murder-of-roger-ackroyd-hercule-poirot-4_852/index.html,Four,Regno Unito
The Mistake (Off-Campus #2),B2B E-Commerce & Retail,https://books.toscrape.com/catalogue/the-mistake-off-campus-2_851/index.html,Three,Regno Unito
The Matchmaker's Playbook (Wingmen Inc. #1),B2B E-Commerce & Retail,https://books.toscrape.com/catalogue/the-matchmakers-playbook-wingmen-inc-1_850/index.html,One,Regno Unito
The Love and Lemons Cookbook: An Apple-to-Zucchini Celebration of Impromptu Cooking,B2B E-Commerce & Retail,https://books.toscrape.com/catalogue/the-love-and-lemons-cookbook-an-apple-to-zucchini-celebration-of-impromptu-cooking_849/index.html,Two,Regno Unito
The Long Shadow of Small Ghosts: Murder and Memory in an American City,B2B E-Commerce & Retail,https://books.toscrape.com/catalogue/the-long-shadow-of-small-ghosts-murder-and-memory-in-an-american-city_848/index.html,One,Regno Unito
The Kite Runner,B2B E-Commerce & Retail,https://books.toscrape.com/catalogue/the-kite-runner_847/index.html,Four,Regno Unito
The House by the Lake,B2B E-Commerce & Retail,https://books.toscrape.com/catalogue/the-house-by-the-lake_846/index.html,One,Regno Unito
The Glittering Court (The Glittering Court #1),B2B E-Commerce & Retail,https://books.toscrape.com/catalogue/the-glittering-court-the-glittering-court-1_845/index.html,One,Regno Unito
The Girl on the Train,B2B E-Commerce & Retail,https://books.toscrape.com/catalogue/the-girl-on-the-train_844/index.html,Two,Regno Unito
The Genius of Birds,B2B E-Commerce & Retail,https://books.toscrape.com/catalogue/the-genius-of-birds_843/index.html,One,Regno Unito
The Emerald Mystery,B2B E-Commerce & Retail,https://books.toscrape.com/catalogue/the-emerald-mystery_842/index.html,Two,Regno Unito
The Cookies & Cups Cookbook: 125+ sweet & savory recipes reminding you to Always Eat Dessert First,B2B E-Commerce & Retail,https://books.toscrape.com/catalogue/the-cookies-cups-cookbook-125-sweet-savory-recipes-reminding-you-to-always-eat-dessert-first_841/index.html,One,Regno Unito
The Bridge to Consciousness: I'm Writing the Bridge Between Science and Our Old and New Beliefs.,B2B E-Commerce & Retail,https://books.toscrape.com/catalogue/the-bridge-to-consciousness-im-writing-the-bridge-between-science-and-our-old-and-new-beliefs_840/index.html,Three,Regno Unito
The Artist's Way: A Spiritual Path to Higher Creativity,B2B E-Commerce & Retail,https://books.toscrape.com/catalogue/the-artists-way-a-spiritual-path-to-higher-creativity_839/index.html,Five,Regno Unito
The Art of War,B2B E-Commerce & Retail,https://books.toscrape.com/catalogue/the-art-of-war_838/index.html,Five,Regno Unito
The Argonauts,B2B E-Commerce & Retail,https://books.toscrape.com/catalogue/the-argonauts_837/index.html,Two,Regno Unito
The 10% Entrepreneur: Live Your Startup Dream Without Quitting Your Day Job,B2B E-Commerce & Retail,https://books.toscrape.com/catalogue/the-10-entrepreneur-live-your-startup-dream-without-quitting-your-day-job_836/index.html,Three,Regno Unito
Suddenly in Love (Lake Haven #1),B2B E-Commerce & Retail,https://books.toscrape.com/catalogue/suddenly-in-love-lake-haven-1_835/index.html,Two,Regno Unito
Something More Than This,B2B E-Commerce & Retail,https://books.toscrape.com/catalogue/something-more-than-this_834/index.html,Four,Regno Unito
Soft Apocalypse,B2B E-Commerce & Retail,https://books.toscrape.com/catalogue/soft-apocalypse_833/index.html,Two,Regno Unito
So You've Been Publicly Shamed,B2B E-Commerce & Retail,https://books.toscrape.com/catalogue/so-youve-been-publicly-shamed_832/index.html,Two,Regno Unito
Shoe Dog: A Memoir by the Creator of NIKE,B2B E-Commerce & Retail,https://books.toscrape.com/catalogue/shoe-dog-a-memoir-by-the-creator-of-nike_831/index.html,Two,Regno Unito
"Shobu Samurai, Project Aryoku (#3)",B2B E-Commerce & Retail,https://books.toscrape.com/catalogue/shobu-samurai-project-aryoku-3_830/index.html,Three,Regno Unito
Secrets and Lace (Fatal Hearts #1),B2B E-Commerce & Retail,https://books.toscrape.com/catalogue/secrets-and-lace-fatal-hearts-1_829/index.html,One,Regno Unito
Scarlett Epstein Hates It Here,B2B E-Commerce & Retail,https://books.toscrape.com/catalogue/scarlett-epstein-hates-it-here_828/index.html,Five,Regno Unito
Romero and Juliet: A Tragic Tale of Love and Zombies,B2B E-Commerce & Retail,https://books.toscrape.com/catalogue/romero-and-juliet-a-tragic-tale-of-love-and-zombies_827/index.html,One,Regno Unito
Redeeming Love,B2B E-Commerce & Retail,https://books.toscrape.com/catalogue/redeeming-love_826/index.html,Five,Regno Unito
Poses for Artists Volume 1 - Dynamic and Sitting Poses: An Essential Reference for Figure Drawing and the Human Form,B2B E-Commerce & Retail,https://books.toscrape.com/catalogue/poses-for-artists-volume-1-dynamic-and-sitting-poses-an-essential-reference-for-figure-drawing-and-the-human-form_825/index.html,One,Regno Unito
Poems That Make Grown Women Cry,B2B E-Commerce & Retail,https://books.toscrape.com/catalogue/poems-that-make-grown-women-cry_824/index.html,Four,Regno Unito
"Nightingale, Sing",B2B E-Commerce & Retail,https://books.toscrape.com/catalogue/nightingale-sing_823/index.html,One,Regno Unito
Night Sky with Exit Wounds,B2B E-Commerce & Retail,https://books.toscrape.com/catalogue/night-sky-with-exit-wounds_822/index.html,One,Regno Unito
Mrs. Houdini,B2B E-Commerce & Retail,https://books.toscrape.com/catalogue/mrs-houdini_821/index.html,Five,Regno Unito
Modern Romance,B2B E-Commerce & Retail,https://books.toscrape.com/catalogue/modern-romance_820/index.html,Five,Regno Unito
Miss Peregrine’s Home for Peculiar Children (Miss Peregrine’s Peculiar Children #1),B2B E-Commerce & Retail,https://books.toscrape.com/catalogue/miss-peregrines-home-for-peculiar-children-miss-peregrines-peculiar-children-1_819/index.html,One,Regno Unito
Louisa: The Extraordinary Life of Mrs. Adams,B2B E-Commerce & Retail,https://books.toscrape.com/catalogue/louisa-the-extraordinary-life-of-mrs-adams_818/index.html,Two,Regno Unito
Little Red,B2B E-Commerce & Retail,https://books.toscrape.com/catalogue/little-red_817/index.html,Three,Regno Unito
Library of Souls (Miss Peregrine’s Peculiar Children #3),B2B E-Commerce & Retail,https://books.toscrape.com/catalogue/library-of-souls-miss-peregrines-peculiar-children-3_816/index.html,Five,Regno Unito
Large Print Heart of the Pride,B2B E-Commerce & Retail,https://books.toscrape.com/catalogue/large-print-heart-of-the-pride_815/index.html,Two,Regno Unito
I Had a Nice Time And Other Lies...: How to find love & sh*t like that,B2B E-Commerce & Retail,https://books.toscrape.com/catalogue/i-had-a-nice-time-and-other-lies-how-to-find-love-sht-like-that_814/index.html,Four,Regno Unito
Hollow City (Miss Peregrine’s Peculiar Children #2),B2B E-Commerce & Retail,https://books.toscrape.com/catalogue/hollow-city-miss-peregrines-peculiar-children-2_813/index.html,One,Regno Unito
Grumbles,B2B E-Commerce & Retail,https://books.toscrape.com/catalogue/grumbles_812/index.html,Two,Regno Unito
Full Moon over Noah’s Ark: An Odyssey to Mount Ararat and Beyond,B2B E-Commerce & Retail,https://books.toscrape.com/catalogue/full-moon-over-noahs-ark-an-odyssey-to-mount-ararat-and-beyond_811/index.html,Four,Regno Unito
Frostbite (Vampire Academy #2),B2B E-Commerce & Retail,https://books.toscrape.com/catalogue/frostbite-vampire-academy-2_810/index.html,Five,Regno Unito
Follow You Home,B2B E-Commerce & Retail,https://books.toscrape.com/catalogue/follow-you-home_809/index.html,One,Regno Unito
First Steps for New Christians (Print Edition),B2B E-Commerce & Retail,https://books.toscrape.com/catalogue/first-steps-for-new-christians-print-edition_808/index.html,One,Regno Unito
Finders Keepers (Bill Hodges Trilogy #2),B2B E-Commerce & Retail,https://books.toscrape.com/catalogue/finders-keepers-bill-hodges-trilogy-2_807/index.html,Five,Regno Unito
"Fables, Vol. 1: Legends in Exile (Fables #1)",B2B E-Commerce & Retail,https://books.toscrape.com/catalogue/fables-vol-1-legends-in-exile-fables-1_806/index.html,Four,Regno Unito
Eureka Trivia 6.0,B2B E-Commerce & Retail,https://books.toscrape.com/catalogue/eureka-trivia-60_805/index.html,Four,Regno Unito
Drive: The Surprising Truth About What Motivates Us,B2B E-Commerce & Retail,https://books.toscrape.com/catalogue/drive-the-surprising-truth-about-what-motivates-us_804/index.html,Four,Regno Unito
Done Rubbed Out (Reightman & Bailey #1),B2B E-Commerce & Retail,https://books.toscrape.com/catalogue/done-rubbed-out-reightman-bailey-1_803/index.html,Five,Regno Unito
Doing It Over (Most Likely To #1),B2B E-Commerce & Retail,https://books.toscrape.com/catalogue/doing-it-over-most-likely-to-1_802/index.html,Three,Regno Unito
"Deliciously Ella Every Day: Quick and Easy Recipes for Gluten-Free Snacks, Packed Lunches, and Simple Meals",B2B E-Commerce & Retail,https://books.toscrape.com/catalogue/deliciously-ella-every-day-quick-and-easy-recipes-for-gluten-free-snacks-packed-lunches-and-simple-meals_801/index.html,Three,Regno Unito
Dark Notes,B2B E-Commerce & Retail,https://books.toscrape.com/catalogue/dark-notes_800/index.html,Five,Regno Unito
"Daring Greatly: How the Courage to Be Vulnerable Transforms the Way We Live, Love, Parent, and Lead",B2B E-Commerce & Retail,https://books.toscrape.com/catalogue/daring-greatly-how-the-courage-to-be-vulnerable-transforms-the-way-we-live-love-parent-and-lead_799/index.html,Three,Regno Unito
Close to You,B2B E-Commerce & Retail,https://books.toscrape.com/catalogue/close-to-you_798/index.html,Four,Regno Unito
Chasing Heaven: What Dying Taught Me About Living,B2B E-Commerce & Retail,https://books.toscrape.com/catalogue/chasing-heaven-what-dying-taught-me-about-living_797/index.html,Two,Regno Unito
Big Magic: Creative Living Beyond Fear,B2B E-Commerce & Retail,https://books.toscrape.com/catalogue/big-magic-creative-living-beyond-fear_796/index.html,Three,Regno Unito
Becoming Wise: An Inquiry into the Mystery and Art of Living,B2B E-Commerce & Retail,https://books.toscrape.com/catalogue/becoming-wise-an-inquiry-into-the-mystery-and-art-of-living_795/index.html,Two,Regno Unito
Beauty Restored (Riley Family Legacy Novellas #3),B2B E-Commerce & Retail,https://books.toscrape.com/catalogue/beauty-restored-riley-family-legacy-novellas-3_794/index.html,Two,Regno Unito
Batman: The Long Halloween (Batman),B2B E-Commerce & Retail,https://books.toscrape.com/catalogue/batman-the-long-halloween-batman_793/index.html,Two,Regno Unito
Batman: The Dark Knight Returns (Batman),B2B E-Commerce & Retail,https://books.toscrape.com/catalogue/batman-the-dark-knight-returns-batman_792/index.html,Five,Regno Unito
Ayumi's Violin,B2B E-Commerce & Retail,https://books.toscrape.com/catalogue/ayumis-violin_791/index.html,Two,Regno Unito
Anonymous,B2B E-Commerce & Retail,https://books.toscrape.com/catalogue/anonymous_790/index.html,Four,Regno Unito
Amy Meets the Saints and Sages,B2B E-Commerce & Retail,https://books.toscrape.com/catalogue/amy-meets-the-saints-and-sages_789/index.html,Three,Regno Unito
Amid the Chaos,B2B E-Commerce & Retail,https://books.toscrape.com/catalogue/amid-the-chaos_788/index.html,One,Regno Unito
Amatus,B2B E-Commerce & Retail,https://books.toscrape.com/catalogue/amatus_787/index.html,Five,Regno Unito
Agnostic: A Spirited Manifesto,B2B E-Commerce & Retail,https://books.toscrape.com/catalogue/agnostic-a-spirited-manifesto_786/index.html,Five,Regno Unito
Zealot: The Life and Times of Jesus of Nazareth,B2B E-Commerce & Retail,https://books.toscrape.com/catalogue/zealot-the-life-and-times-of-jesus-of-nazareth_785/index.html,Three,Regno Unito
You (You #1),B2B E-Commerce & Retail,https://books.toscrape.com/catalogue/you-you-1_784/index.html,Five,Regno Unito
"Wonder Woman: Earth One, Volume One (Wonder Woman: Earth One #1)",B2B E-Commerce & Retail,https://books.toscrape.com/catalogue/wonder-woman-earth-one-volume-one-wonder-woman-earth-one-1_783/index.html,Four,Regno Unito
Wild Swans,B2B E-Commerce & Retail,https://books.toscrape.com/catalogue/wild-swans_782/index.html,Two,Regno Unito
Why the Right Went Wrong: Conservatism--From Goldwater to the Tea Party and Beyond,B2B E-Commerce & Retail,https://books.toscrape.com/catalogue/why-the-right-went-wrong-conservatism-from-goldwater-to-the-tea-party-and-beyond_781/index.html,Four,Regno Unito
Whole Lotta Creativity Going On: 60 Fun and Unusual Exercises to Awaken and Strengthen Your Creativity,B2B E-Commerce & Retail,https://books.toscrape.com/catalogue/whole-lotta-creativity-going-on-60-fun-and-unusual-exercises-to-awaken-and-strengthen-your-creativity_780/index.html,Four,Regno Unito
What's It Like in Space?: Stories from Astronauts Who've Been There,B2B E-Commerce & Retail,https://books.toscrape.com/catalogue/whats-it-like-in-space-stories-from-astronauts-whove-been-there_779/index.html,Two,Regno Unito
"We Are Robin, Vol. 1: The Vigilante Business (We Are Robin #1)",B2B E-Commerce & Retail,https://books.toscrape.com/catalogue/we-are-robin-vol-1-the-vigilante-business-we-are-robin-1_778/index.html,One,Regno Unito
Walt Disney's Alice in Wonderland,B2B E-Commerce & Retail,https://books.toscrape.com/catalogue/walt-disneys-alice-in-wonderland_777/index.html,Five,Regno Unito
V for Vendetta (V for Vendetta Complete),B2B E-Commerce & Retail,https://books.toscrape.com/catalogue/v-for-vendetta-v-for-vendetta-complete_776/index.html,Four,Regno Unito
Until Friday Night (The Field Party #1),B2B E-Commerce & Retail,https://books.toscrape.com/catalogue/until-friday-night-the-field-party-1_775/index.html,Two,Regno Unito
"Unbroken: A World War II Story of Survival, Resilience, and Redemption",B2B E-Commerce & Retail,https://books.toscrape.com/catalogue/unbroken-a-world-war-ii-story-of-survival-resilience-and-redemption_774/index.html,Two,Regno Unito
Twenty Yawns,B2B E-Commerce & Retail,https://books.toscrape.com/catalogue/twenty-yawns_773/index.html,Two,Regno Unito
Through the Woods,B2B E-Commerce & Retail,https://books.toscrape.com/catalogue/through-the-woods_772/index.html,Two,Regno Unito
This Is Where It Ends,B2B E-Commerce & Retail,https://books.toscrape.com/catalogue/this-is-where-it-ends_771/index.html,Two,Regno Unito
The Year of Magical Thinking,B2B E-Commerce & Retail,https://books.toscrape.com/catalogue/the-year-of-magical-thinking_770/index.html,Two,Regno Unito
The Wright Brothers,B2B E-Commerce & Retail,https://books.toscrape.com/catalogue/the-wright-brothers_769/index.html,Four,Regno Unito
The White Queen (The Cousins' War #1),B2B E-Commerce & Retail,https://books.toscrape.com/catalogue/the-white-queen-the-cousins-war-1_768/index.html,Five,Regno Unito
The Wedding Pact (The O'Malleys #2),B2B E-Commerce & Retail,https://books.toscrape.com/catalogue/the-wedding-pact-the-omalleys-2_767/index.html,Three,Regno Unito
The Time Keeper,B2B E-Commerce & Retail,https://books.toscrape.com/catalogue/the-time-keeper_766/index.html,Five,Regno Unito
The Testament of Mary,B2B E-Commerce & Retail,https://books.toscrape.com/catalogue/the-testament-of-mary_765/index.html,Four,Regno Unito
The Star-Touched Queen,B2B E-Commerce & Retail,https://books.toscrape.com/catalogue/the-star-touched-queen_764/index.html,Five,Regno Unito
The Songs of the Gods,B2B E-Commerce & Retail,https://books.toscrape.com/catalogue/the-songs-of-the-gods_763/index.html,Five,Regno Unito
The Song of Achilles,B2B E-Commerce & Retail,https://books.toscrape.com/catalogue/the-song-of-achilles_762/index.html,Five,Regno Unito
The Rosie Project (Don Tillman #1),B2B E-Commerce & Retail,https://books.toscrape.com/catalogue/the-rosie-project-don-tillman-1_761/index.html,One,Regno Unito
The Power of Habit: Why We Do What We Do in Life and Business,B2B E-Commerce & Retail,https://books.toscrape.com/catalogue/the-power-of-habit-why-we-do-what-we-do-in-life-and-business_760/index.html,Three,Regno Unito
The Marriage of Opposites,B2B E-Commerce & Retail,https://books.toscrape.com/catalogue/the-marriage-of-opposites_759/index.html,Four,Regno Unito
The Lucifer Effect: Understanding How Good People Turn Evil,B2B E-Commerce & Retail,https://books.toscrape.com/catalogue/the-lucifer-effect-understanding-how-good-people-turn-evil_758/index.html,One,Regno Unito
The Long Haul (Diary of a Wimpy Kid #9),B2B E-Commerce & Retail,https://books.toscrape.com/catalogue/the-long-haul-diary-of-a-wimpy-kid-9_757/index.html,One,Regno Unito
The Loney,B2B E-Commerce & Retail,https://books.toscrape.com/catalogue/the-loney_756/index.html,One,Regno Unito
The Literature Book (Big Ideas Simply Explained),B2B E-Commerce & Retail,https://books.toscrape.com/catalogue/the-literature-book-big-ideas-simply-explained_755/index.html,Three,Regno Unito
The Last Mile (Amos Decker #2),B2B E-Commerce & Retail,https://books.toscrape.com/catalogue/the-last-mile-amos-decker-2_754/index.html,Two,Regno Unito
The Immortal Life of Henrietta Lacks,B2B E-Commerce & Retail,https://books.toscrape.com/catalogue/the-immortal-life-of-henrietta-lacks_753/index.html,Two,Regno Unito
The Hidden Oracle (The Trials of Apollo #1),B2B E-Commerce & Retail,https://books.toscrape.com/catalogue/the-hidden-oracle-the-trials-of-apollo-1_752/index.html,Two,Regno Unito
The Help Yourself Cookbook for Kids: 60 Easy Plant-Based Recipes Kids Can Make to Stay Healthy and Save the Earth,B2B E-Commerce & Retail,https://books.toscrape.com/catalogue/the-help-yourself-cookbook-for-kids-60-easy-plant-based-recipes-kids-can-make-to-stay-healthy-and-save-the-earth_751/index.html,Three,Regno Unito
The Guilty (Will Robie #4),B2B E-Commerce & Retail,https://books.toscrape.com/catalogue/the-guilty-will-robie-4_750/index.html,Two,Regno Unito
The First Hostage (J.B. Collins #2),B2B E-Commerce & Retail,https://books.toscrape.com/catalogue/the-first-hostage-jb-collins-2_749/index.html,Three,Regno Unito
The Dovekeepers,B2B E-Commerce & Retail,https://books.toscrape.com/catalogue/the-dovekeepers_748/index.html,One,Regno Unito
The Darkest Lie,B2B E-Commerce & Retail,https://books.toscrape.com/catalogue/the-darkest-lie_747/index.html,Five,Regno Unito
The Bane Chronicles (The Bane Chronicles #1-11),B2B E-Commerce & Retail,https://books.toscrape.com/catalogue/the-bane-chronicles-the-bane-chronicles-1-11_746/index.html,Four,Regno Unito
The Bad-Ass Librarians of Timbuktu: And Their Race to Save the World’s Most Precious Manuscripts,B2B E-Commerce & Retail,https://books.toscrape.com/catalogue/the-bad-ass-librarians-of-timbuktu-and-their-race-to-save-the-worlds-most-precious-manuscripts_745/index.html,One,Regno Unito
The 14th Colony (Cotton Malone #11),B2B E-Commerce & Retail,https://books.toscrape.com/catalogue/the-14th-colony-cotton-malone-11_744/index.html,One,Regno Unito
That Darkness (Gardiner and Renner #1),B2B E-Commerce & Retail,https://books.toscrape.com/catalogue/that-darkness-gardiner-and-renner-1_743/index.html,One,Regno Unito
Tastes Like Fear (DI Marnie Rome #3),B2B E-Commerce & Retail,https://books.toscrape.com/catalogue/tastes-like-fear-di-marnie-rome-3_742/index.html,One,Regno Unito
Take Me with You,B2B E-Commerce & Retail,https://books.toscrape.com/catalogue/take-me-with-you_741/index.html,Three,Regno Unito
Swell: A Year of Waves,B2B E-Commerce & Retail,https://books.toscrape.com/catalogue/swell-a-year-of-waves_740/index.html,One,Regno Unito
Superman Vol. 1: Before Truth (Superman by Gene Luen Yang #1),B2B E-Commerce & Retail,https://books.toscrape.com/catalogue/superman-vol-1-before-truth-superman-by-gene-luen-yang-1_739/index.html,Five,Regno Unito
Still Life with Bread Crumbs,B2B E-Commerce & Retail,https://books.toscrape.com/catalogue/still-life-with-bread-crumbs_738/index.html,Three,Regno Unito
Steve Jobs,B2B E-Commerce & Retail,https://books.toscrape.com/catalogue/steve-jobs_737/index.html,Five,Regno Unito
Sorting the Beef from the Bull: The Science of Food Fraud Forensics,B2B E-Commerce & Retail,https://books.toscrape.com/catalogue/sorting-the-beef-from-the-bull-the-science-of-food-fraud-forensics_736/index.html,Four,Regno Unito
Someone Like You (The Harrisons #2),B2B E-Commerce & Retail,https://books.toscrape.com/catalogue/someone-like-you-the-harrisons-2_735/index.html,Five,Regno Unito
"So Cute It Hurts!!, Vol. 6 (So Cute It Hurts!! #6)",B2B E-Commerce & Retail,https://books.toscrape.com/catalogue/so-cute-it-hurts-vol-6-so-cute-it-hurts-6_734/index.html,Four,Regno Unito
Shtum,B2B E-Commerce & Retail,https://books.toscrape.com/catalogue/shtum_733/index.html,Four,Regno Unito
See America: A Celebration of Our National Parks & Treasured Sites,B2B E-Commerce & Retail,https://books.toscrape.com/catalogue/see-america-a-celebration-of-our-national-parks-treasured-sites_732/index.html,Three,Regno Unito
salt.,B2B E-Commerce & Retail,https://books.toscrape.com/catalogue/salt_731/index.html,Four,Regno Unito
Robin War,B2B E-Commerce & Retail,https://books.toscrape.com/catalogue/robin-war_730/index.html,Three,Regno Unito
"Red Hood/Arsenal, Vol. 1: Open for Business (Red Hood/Arsenal #1)",B2B E-Commerce & Retail,https://books.toscrape.com/catalogue/red-hoodarsenal-vol-1-open-for-business-red-hoodarsenal-1_729/index.html,Two,Regno Unito
Rain Fish,B2B E-Commerce & Retail,https://books.toscrape.com/catalogue/rain-fish_728/index.html,Three,Regno Unito
"Quarter Life Poetry: Poems for the Young, Broke and Hangry",B2B E-Commerce & Retail,https://books.toscrape.com/catalogue/quarter-life-poetry-poems-for-the-young-broke-and-hangry_727/index.html,Five,Regno Unito
Pet Sematary,B2B E-Commerce & Retail,https://books.toscrape.com/catalogue/pet-sematary_726/index.html,Three,Regno Unito
"Overload: How to Unplug, Unwind, and Unleash Yourself from the Pressure of Stress",B2B E-Commerce & Retail,https://books.toscrape.com/catalogue/overload-how-to-unplug-unwind-and-unleash-yourself-from-the-pressure-of-stress_725/index.html,Three,Regno Unito
Once Was a Time,B2B E-Commerce & Retail,https://books.toscrape.com/catalogue/once-was-a-time_724/index.html,Two,Regno Unito
Old School (Diary of a Wimpy Kid #10),B2B E-Commerce & Retail,https://books.toscrape.com/catalogue/old-school-diary-of-a-wimpy-kid-10_723/index.html,Five,Regno Unito
No Dream Is Too High: Life Lessons From a Man Who Walked on the Moon,B2B E-Commerce & Retail,https://books.toscrape.com/catalogue/no-dream-is-too-high-life-lessons-from-a-man-who-walked-on-the-moon_722/index.html,Two,Regno Unito
"Naruto (3-in-1 Edition), Vol. 14: Includes Vols. 40, 41 & 42 (Naruto: Omnibus #14)",B2B E-Commerce & Retail,https://books.toscrape.com/catalogue/naruto-3-in-1-edition-vol-14-includes-vols-40-41-42-naruto-omnibus-14_721/index.html,Two,Regno Unito
My Name Is Lucy Barton,B2B E-Commerce & Retail,https://books.toscrape.com/catalogue/my-name-is-lucy-barton_720/index.html,One,Regno Unito
My Mrs. Brown,B2B E-Commerce & Retail,https://books.toscrape.com/catalogue/my-mrs-brown_719/index.html,Three,Regno Unito
My Kind of Crazy,B2B E-Commerce & Retail,https://books.toscrape.com/catalogue/my-kind-of-crazy_718/index.html,One,Regno Unito
Mr. Mercedes (Bill Hodges Trilogy #1),B2B E-Commerce & Retail,https://books.toscrape.com/catalogue/mr-mercedes-bill-hodges-trilogy-1_717/index.html,One,Regno Unito
More Than Music (Chasing the Dream #1),B2B E-Commerce & Retail,https://books.toscrape.com/catalogue/more-than-music-chasing-the-dream-1_716/index.html,Two,Regno Unito
Made to Stick: Why Some Ideas Survive and Others Die,B2B E-Commerce & Retail,https://books.toscrape.com/catalogue/made-to-stick-why-some-ideas-survive-and-others-die_715/index.html,Five,Regno Unito
Luis Paints the World,B2B E-Commerce & Retail,https://books.toscrape.com/catalogue/luis-paints-the-world_714/index.html,Three,Regno Unito
Luckiest Girl Alive,B2B E-Commerce & Retail,https://books.toscrape.com/catalogue/luckiest-girl-alive_713/index.html,Three,Regno Unito
Lowriders to the Center of the Earth (Lowriders in Space #2),B2B E-Commerce & Retail,https://books.toscrape.com/catalogue/lowriders-to-the-center-of-the-earth-lowriders-in-space-2_712/index.html,Two,Regno Unito
Love Is a Mix Tape (Music #1),B2B E-Commerce & Retail,https://books.toscrape.com/catalogue/love-is-a-mix-tape-music-1_711/index.html,One,Regno Unito
Looking for Lovely: Collecting the Moments that Matter,B2B E-Commerce & Retail,https://books.toscrape.com/catalogue/looking-for-lovely-collecting-the-moments-that-matter_710/index.html,Five,Regno Unito
"Living Leadership by Insight: A Good Leader Achieves, a Great Leader Builds Monuments",B2B E-Commerce & Retail,https://books.toscrape.com/catalogue/living-leadership-by-insight-a-good-leader-achieves-a-great-leader-builds-monuments_709/index.html,Four,Regno Unito
Let It Out: A Journey Through Journaling,B2B E-Commerce & Retail,https://books.toscrape.com/catalogue/let-it-out-a-journey-through-journaling_708/index.html,Five,Regno Unito
Lady Midnight (The Dark Artifices #1),B2B E-Commerce & Retail,https://books.toscrape.com/catalogue/lady-midnight-the-dark-artifices-1_707/index.html,Five,Regno Unito
"It's All Easy: Healthy, Delicious Weeknight Meals in under 30 Minutes",B2B E-Commerce & Retail,https://books.toscrape.com/catalogue/its-all-easy-healthy-delicious-weeknight-meals-in-under-30-minutes_706/index.html,One,Regno Unito
Island of Dragons (Unwanteds #7),B2B E-Commerce & Retail,https://books.toscrape.com/catalogue/island-of-dragons-unwanteds-7_705/index.html,One,Regno Unito
I Know What I'm Doing -- and Other Lies I Tell Myself: Dispatches from a Life Under Construction,B2B E-Commerce & Retail,https://books.toscrape.com/catalogue/i-know-what-im-doing-and-other-lies-i-tell-myself-dispatches-from-a-life-under-construction_704/index.html,Four,Regno Unito
I Am Pilgrim (Pilgrim #1),B2B E-Commerce & Retail,https://books.toscrape.com/catalogue/i-am-pilgrim-pilgrim-1_703/index.html,Four,Regno Unito
"Hyperbole and a Half: Unfortunate Situations, Flawed Coping Mechanisms, Mayhem, and Other Things That Happened",B2B E-Commerce & Retail,https://books.toscrape.com/catalogue/hyperbole-and-a-half-unfortunate-situations-flawed-coping-mechanisms-mayhem-and-other-things-that-happened_702/index.html,Five,Regno Unito
"Hush, Hush (Hush, Hush #1)",B2B E-Commerce & Retail,https://books.toscrape.com/catalogue/hush-hush-hush-hush-1_701/index.html,Three,Regno Unito
